{
  "IcoMoonType": "selection",
  "icons": [
    {
      "icon": {
        "paths": [
          "M554.668 128l256 256v512h-597.334v-768h341.334z",
          "M533.334 128v234.666h277.334",
          "M384 725.332v-128",
          "M512 725.334v-170.666",
          "M640 725.334v-213.334"
        ],
        "attrs": [
          {
            "fill": "none",
            "strokeLinejoin": "round",
            "strokeLinecap": "round",
            "strokeMiterlimit": "4",
            "strokeWidth": 40.96
          },
          {
            "fill": "none",
            "strokeLinejoin": "round",
            "strokeLinecap": "round",
            "strokeMiterlimit": "4",
            "strokeWidth": 20.48
          },
          {
            "fill": "none",
            "strokeLinejoin": "round",
            "strokeLinecap": "round",
            "strokeMiterlimit": "4",
            "strokeWidth": 40.96
          },
          {
            "fill": "none",
            "strokeLinejoin": "round",
            "strokeLinecap": "round",
            "strokeMiterlimit": "4",
            "strokeWidth": 40.96
          },
          {
            "fill": "none",
            "strokeLinejoin": "round",
            "strokeLinecap": "round",
            "strokeMiterlimit": "4",
            "strokeWidth": 40.96
          }
        ],
        "isMulticolor": false,
        "isMulticolor2": false,
        "grid": 0,
        "tags": [
          "report"
        ]
      },
      "attrs": [
        {
          "fill": "none",
          "strokeLinejoin": "round",
          "strokeLinecap": "round",
          "strokeMiterlimit": "4",
          "strokeWidth": 40.96
        },
        {
          "fill": "none",
          "strokeLinejoin": "round",
          "strokeLinecap": "round",
          "strokeMiterlimit": "4",
          "strokeWidth": 20.48
        },
        {
          "fill": "none",
          "strokeLinejoin": "round",
          "strokeLinecap": "round",
          "strokeMiterlimit": "4",
          "strokeWidth": 40.96
        },
        {
          "fill": "none",
          "strokeLinejoin": "round",
          "strokeLinecap": "round",
          "strokeMiterlimit": "4",
          "strokeWidth": 40.96
        },
        {
          "fill": "none",
          "strokeLinejoin": "round",
          "strokeLinecap": "round",
          "strokeMiterlimit": "4",
          "strokeWidth": 40.96
        }
      ],
      "properties": {
        "order": 18,
        "id": 6,
        "name": "report",
        "prevSize": 32
      },
      "setIdx": 0,
      "setId": 11,
      "iconIdx": 0
    },
    {
      "icon": {
        "paths": [
          "M810.666 94.335h-597.332c-23.565 0-42.667 18.826-42.667 42.048v756.87c0 23.222 19.103 42.047 42.667 42.047h597.332c23.564 0 42.668-18.825 42.668-42.047v-756.87c0-23.223-19.104-42.048-42.668-42.048z",
          "M341.334 94.335h192v336.386l-96-84.097-96 84.097v-336.386z",
          "M341.334 725.060h341.332M341.334 598.915v0z"
        ],
        "attrs": [
          {
            "fill": "none",
            "strokeLinejoin": "round",
            "strokeLinecap": "round",
            "strokeMiterlimit": "4",
            "strokeWidth": 81.92
          },
          {
            "fill": "none",
            "strokeLinejoin": "round",
            "strokeLinecap": "round",
            "strokeMiterlimit": "4",
            "strokeWidth": 81.92
          },
          {
            "fill": "none",
            "strokeLinejoin": "miter",
            "strokeLinecap": "round",
            "strokeMiterlimit": "4",
            "strokeWidth": 81.92
          }
        ],
        "isMulticolor": false,
        "isMulticolor2": false,
        "grid": 0,
        "tags": [
          "agreement"
        ]
      },
      "attrs": [
        {
          "fill": "none",
          "strokeLinejoin": "round",
          "strokeLinecap": "round",
          "strokeMiterlimit": "4",
          "strokeWidth": 81.92
        },
        {
          "fill": "none",
          "strokeLinejoin": "round",
          "strokeLinecap": "round",
          "strokeMiterlimit": "4",
          "strokeWidth": 81.92
        },
        {
          "fill": "none",
          "strokeLinejoin": "miter",
          "strokeLinecap": "round",
          "strokeMiterlimit": "4",
          "strokeWidth": 81.92
        }
      ],
      "properties": {
        "order": 19,
        "id": 5,
        "name": "agreement",
        "prevSize": 32
      },
      "setIdx": 0,
      "setId": 11,
      "iconIdx": 1
    },
    {
      "icon": {
        "paths": [
          "M311.216 537.098c0-6.656 2.644-13.041 7.351-17.747s11.091-7.351 17.747-7.351c6.656 0 13.041 2.644 17.747 7.351s7.351 11.091 7.351 17.747c0 6.656-2.644 13.041-7.351 17.747s-11.091 7.351-17.747 7.351c-6.656 0-13.041-2.644-17.747-7.351s-7.351-11.091-7.351-17.747zM336.314 612.392c-6.656 0-13.041 2.644-17.747 7.351s-7.351 11.091-7.351 17.747c0 6.656 2.644 13.041 7.351 17.747s11.091 7.351 17.747 7.351c6.656 0 13.041-2.644 17.747-7.351s7.351-11.091 7.351-17.747c0-6.656-2.644-13.041-7.351-17.747s-11.091-7.351-17.747-7.351zM311.216 737.882c0-6.656 2.644-13.041 7.351-17.747s11.091-7.351 17.747-7.351c6.656 0 13.041 2.644 17.747 7.351s7.351 11.091 7.351 17.747c0 6.656-2.644 13.041-7.351 17.747s-11.091 7.351-17.747 7.351c-6.656 0-13.041-2.644-17.747-7.351s-7.351-11.091-7.351-17.747zM436.706 512c-6.656 0-13.041 2.644-17.747 7.351s-7.351 11.091-7.351 17.747c0 6.656 2.644 13.041 7.351 17.747s11.091 7.351 17.747 7.351h250.98c6.656 0 13.041-2.644 17.747-7.351s7.351-11.091 7.351-17.747c0-6.656-2.644-13.041-7.351-17.747s-11.091-7.351-17.747-7.351h-250.98zM411.608 637.49c0-6.656 2.644-13.041 7.351-17.747s11.091-7.351 17.747-7.351h250.98c6.656 0 13.041 2.644 17.747 7.351s7.351 11.091 7.351 17.747c0 6.656-2.644 13.041-7.351 17.747s-11.091 7.351-17.747 7.351h-250.98c-6.656 0-13.041-2.644-17.747-7.351s-7.351-11.091-7.351-17.747zM436.706 712.784c-6.656 0-13.041 2.644-17.747 7.351s-7.351 11.091-7.351 17.747c0 6.656 2.644 13.041 7.351 17.747s11.091 7.351 17.747 7.351h250.98c6.656 0 13.041-2.644 17.747-7.351s7.351-11.091 7.351-17.747c0-6.656-2.644-13.041-7.351-17.747s-11.091-7.351-17.747-7.351h-250.98zM311.216 110.431c-26.626 0-52.162 10.577-70.987 29.404-18.828 18.827-29.405 44.362-29.405 70.988v602.353c0 26.626 10.577 52.162 29.405 70.987 18.826 18.828 44.361 29.405 70.987 29.405h401.569c26.626 0 52.16-10.577 70.987-29.405 18.828-18.826 29.405-44.361 29.405-70.987v-430.984c-0.018-19.962-7.961-39.101-22.086-53.208l-196.467-196.518c-14.115-14.106-33.252-22.032-53.208-22.036h-230.199zM261.020 210.824c0-13.313 5.289-26.080 14.701-35.494 9.415-9.414 22.183-14.702 35.495-14.702h200.784v175.686c0 19.97 7.933 39.121 22.052 53.242 14.121 14.119 33.272 22.052 53.242 22.052h175.686v401.569c0 13.312-5.289 26.080-14.701 35.495-9.415 9.413-22.183 14.701-35.495 14.701h-401.569c-13.312 0-26.080-5.289-35.495-14.701-9.413-9.415-14.701-22.183-14.701-35.495v-602.353zM752.59 361.412h-165.296c-6.656 0-13.041-2.644-17.747-7.351s-7.351-11.091-7.351-17.747v-165.296l190.394 190.394z"
        ],
        "attrs": [
          {}
        ],
        "isMulticolor": false,
        "isMulticolor2": false,
        "grid": 0,
        "tags": [
          "document"
        ]
      },
      "attrs": [
        {}
      ],
      "properties": {
        "order": 20,
        "id": 4,
        "name": "document",
        "prevSize": 32
      },
      "setIdx": 0,
      "setId": 11,
      "iconIdx": 2
    },
    {
      "icon": {
        "paths": [
          "M512 93.701c46.014 0 83.661 37.647 83.661 83.66s-37.647 83.661-83.661 83.661c-46.014 0-83.661-37.647-83.661-83.661s37.647-83.66 83.661-83.66zM675.137 348.865c-16.731-16.733-46.014-46.014-100.392-46.014h-104.574c-117.126 0-209.151-92.025-209.151-209.15h-83.66c0 133.856 87.842 242.615 209.15 280.262v556.339h83.661v-250.98h83.659v250.98h83.661v-497.778l167.32 163.137 58.563-58.561-188.235-188.235z"
        ],
        "attrs": [
          {}
        ],
        "isMulticolor": false,
        "isMulticolor2": false,
        "grid": 0,
        "tags": [
          "meet"
        ]
      },
      "attrs": [
        {}
      ],
      "properties": {
        "order": 21,
        "id": 3,
        "name": "meet",
        "prevSize": 32
      },
      "setIdx": 0,
      "setId": 11,
      "iconIdx": 3
    },
    {
      "icon": {
        "paths": [
          "M585.788 437.417c-3.978-0.028-7.802 1.544-10.642 4.371-2.841 2.827-4.465 6.68-4.518 10.718v112.769c0.052 4.048 1.683 7.909 4.534 10.738s6.69 4.393 10.676 4.353h334.456c3.986 0.040 7.825-1.524 10.676-4.353s4.482-6.69 4.534-10.738v-112.769c-0.052-4.048-1.683-7.909-4.534-10.736-2.851-2.829-6.69-4.395-10.676-4.353h-334.507zM790.889 78.718c46.281 2.243 79.561 11.522 100.643 31.2 20.831 19.475 31.523 47.667 33.631 84.984v106.905c-0.106 9.106-3.765 17.796-10.174 24.16-6.411 6.367-15.045 9.889-24.010 9.794-4.443 0.052-8.853-0.783-12.979-2.46-4.124-1.677-7.883-4.162-11.063-7.317-3.178-3.152-5.714-6.911-7.463-11.059s-2.676-8.606-2.729-13.119l0.050-104.968c-1.104-19.373-5.672-31.404-12.198-37.522-6.325-5.914-25.6-11.216-55.366-12.745h-656.364c-26.955 1.020-44.474 6.22-52.957 13.612-6.525 5.659-11.445 21.259-11.495 48.228l-0.151 600.038c2.51 26.204 8.182 43.691 15.46 52.409 5.522 6.628 22.638 13.256 47.837 16.519h658.372c30.82 0.61 48.991-4.080 55.115-10.35 6.776-6.983 11.696-25.337 11.696-55.364v-104.255c0-18.709 15.31-33.953 34.234-33.953 18.874 0 34.184 15.244 34.184 33.953v104.255c0 45.883-9.236 80.193-30.871 102.47-22.287 22.942-57.725 32.117-105.060 31.099l-661.735-0.155c-45.026-5.301-77.302-17.842-96.527-40.936-17.418-20.902-27.106-50.726-30.971-92.429v-603.353c0.1-44.658 10.642-78.254 34.836-99.258 22.187-19.372 54.212-28.804 96.728-30.435l659.325 0.051zM920.295 369.509c46.18 0 83.627 37.165 83.627 82.996v112.769c0 45.831-37.446 82.996-83.627 82.996h-334.456c-46.18 0-83.627-37.215-83.627-82.996v-112.769c0-45.831 37.446-82.996 83.627-82.996h334.456zM669.465 468.412c-23.090 0-41.813 18.354-41.813 40.938 0 22.634 18.723 40.936 41.813 40.936s41.813-18.352 41.813-40.936c0-22.636-18.723-40.988-41.813-40.988v0.050z"
        ],
        "attrs": [
          {}
        ],
        "width": 1004,
        "isMulticolor": false,
        "isMulticolor2": false,
        "grid": 0,
        "tags": [
          "pay"
        ]
      },
      "attrs": [
        {}
      ],
      "properties": {
        "order": 22,
        "id": 2,
        "name": "pay",
        "prevSize": 32
      },
      "setIdx": 0,
      "setId": 11,
      "iconIdx": 4
    },
    {
      "icon": {
        "paths": [
          "M552.659 420.752l291.262-287.153h-206.43v-61.78h313.725v308.898h-62.745v-203.255l-291.639 286.844-44.173-43.494v-0.060zM760.031 579.092c25.893 0.002 50.738 10.057 69.146 27.987 6.901 6.795 14.557 13.838 23.026 21.251l26.981 23.662c9.413 8.341 18.259 17.051 26.415 26.010 8.158 9.019 15.874 18.225 23.090 27.554 7.154 9.266 12.549 19.275 16.125 29.901 3.64 10.626 5.775 21.253 6.401 31.879-0.024 25.471-10.236 49.907-28.423 68.020-16.691 16.434-31.686 30.891-45.114 43.494-12.716 12.013-26.68 22.677-41.663 31.816-14.432 8.648-30.557 15.135-48.501 19.336-20.775 4.486-41.98 6.744-63.247 6.734-37.215-0.241-74.198-5.777-109.805-16.432-38.862-11.439-76.483-26.628-112.313-45.347-38.296-19.978-74.834-43.060-109.239-69.008-35.703-26.763-69.457-55.955-101.021-87.357-31.686-31.507-61.115-64.869-88.221-99.898-26.212-33.651-49.351-69.52-69.144-107.187-18.409-35.069-33.49-71.736-45.051-109.536-10.769-34.414-16.391-70.19-16.69-106.199 0-24.466 2.133-45.347 6.4-62.769 3.956-16.671 10.563-32.622 19.576-47.262 8.784-14.209 19.639-27.801 32.376-41.022s27.608-28.171 44.549-44.914c18.422-17.944 43.295-28.002 69.208-27.986 16.314 0 31.999 4.324 47.058 12.974 15.059 8.773 29.616 19.337 43.671 31.94 13.993 12.541 26.981 25.7 38.715 39.539 11.732 13.839 22.837 25.762 33.254 35.709 18.209 18.124 28.423 42.588 28.423 68.082 0.225 11.563-1.909 23.056-6.275 33.794-3.972 9.517-9.25 18.456-15.685 26.564-6.277 7.764-13.181 15.017-20.643 21.685-7.529 6.797-14.37 13.222-20.58 19.338-5.767 5.616-11.174 11.579-16.189 17.856-4.445 5.439-6.702 12.3-6.337 19.275 0 3.891 2.95 10.007 8.784 18.348 7.576 10.431 15.768 20.416 24.532 29.901 24.369 26.959 49.714 53.047 75.985 78.214 14.683 14.21 28.925 27.801 42.667 41.022 13.679 13.222 26.981 25.763 39.717 37.685 12.738 11.862 23.53 21.994 32.314 30.397 8.784 8.339 15.687 14.826 20.58 19.275 5.59 5.706 13.079 9.24 21.098 9.955 8.021 0.715 16.033-1.438 22.572-6.064 5.837-4.2 11.923-9.391 18.133-15.444 6.212-6.178 12.549-12.912 19.075-20.325 6.525-7.415 14.057-14.149 22.59-20.265 8.469-6.116 17.442-11.429 26.979-15.938 10.927-4.743 22.837-6.881 34.762-6.24h-0.064zM724.267 874.956c19.952 0 36.581-1.791 50.007-5.313 13.103-3.413 25.534-8.969 36.768-16.434 11.107-7.413 21.522-16.063 31.373-26.010 9.788-10.007 21.711-21.745 35.766-35.214 6.903-6.797 10.29-14.828 10.29-24.156 0-4.2-2.636-10.132-7.843-17.916-6.166-8.941-12.72-17.619-19.639-26.010-8.361-10.232-17.372-19.93-26.981-29.035-10.039-9.575-19.89-18.472-29.365-26.504-8.246-7.102-16.92-13.704-25.977-19.769-7.843-5.128-14.053-7.724-18.635-7.724-7.021 0.052-13.856 2.231-19.576 6.24-6.606 4.498-12.706 9.676-18.195 15.444-5.837 6.178-12.236 12.912-19.075 20.327-6.903 7.413-14.432 14.147-22.588 20.263-8.158 6.116-17.131 11.429-26.981 15.938-10.772 4.672-22.502 6.809-34.258 6.24-12.874 0.080-25.632-2.395-37.511-7.278-11.88-4.883-22.64-12.073-31.636-21.141l-233.787-230.316c-9.029-8.826-16.193-19.323-21.082-30.889-4.951-11.806-7.612-24.421-7.845-37.191 0-12.541 2.134-23.662 6.339-33.3 4.267-9.638 9.473-18.657 15.685-27.060 6.275-8.341 13.115-15.569 20.645-21.685s14.368-12.541 20.578-19.338c6.212-6.732 11.609-12.663 16.189-17.854 4.622-5.345 6.901-12.278 6.337-19.275 0-4.2-2.634-10.132-7.843-17.916-6.082-8.826-12.615-17.342-19.576-25.516-8.529-10.067-17.532-19.736-26.981-28.974-9.381-9.303-19.201-18.168-29.427-26.565-8.509-6.992-17.344-13.589-26.477-19.769-8.158-5.498-14.181-8.031-18.133-7.723-4.646-0.080-9.258 0.778-13.553 2.52s-8.182 4.333-11.421 7.612c-11.848 11.666-23.771 23.26-35.765 34.782-9.918 9.34-18.794 19.695-26.478 30.89-7.437 11.078-12.911 23.32-16.188 36.203-3.907 15.962-5.887 32.324-5.898 48.744 0 30.891 5.020 62.707 15.184 95.511 10.794 34.406 24.914 67.715 42.165 99.467 18.007 33.423 39.529 65.98 64.69 97.489 25.16 31.507 52.142 61.595 80.942 90.198 56.39 56.183 120.77 104.006 191.121 141.969 31.654 17.002 65 30.748 99.515 41.022 30.846 9.316 62.862 14.35 95.122 14.95v0.062z"
        ],
        "attrs": [
          {}
        ],
        "isMulticolor": false,
        "isMulticolor2": false,
        "grid": 0,
        "tags": [
          "tel"
        ]
      },
      "attrs": [
        {}
      ],
      "properties": {
        "order": 23,
        "id": 0,
        "name": "tel",
        "prevSize": 32
      },
      "setIdx": 0,
      "setId": 11,
      "iconIdx": 6
    }
  ],
  "height": 1024,
  "preferences": {
    "showGlyphs": true,
    "showQuickUse": true,
    "showQuickUse2": true,
    "showSVGs": true,
    "fontPref": {
      "prefix": "icon-",
      "metadata": {
        "fontFamily": "icomoon"
      },
      "metrics": {
        "emSize": 1024,
        "baseline": 6.25,
        "whitespace": 50
      },
      "embed": false
    },
    "imagePref": {
      "prefix": "",
      "png": false,
      "useClassSelector": true,
      "color": 0,
      "bgColor": 16777215,
      "classSelector": ".icon",
      "name": "icomoon",
      "height": 32,
      "columns": 16,
      "margin": 16
    },
    "historySize": 50,
    "showCodes": true,
    "gridSize": 16
  }
}